﻿Designator,Quantity,Value,Footprint,Package,MPN,DNP,Mount_Type,Description,Sim.Pins
"C1, C2",2,22uF,CP_Elec_4x5.4,,,,smt,Polarized capacitor,
"C3, C5",2,104,C_0805_2012Metric_Pad1.18x1.45mm_HandSolder,,,,smt,Unpolarized capacitor,
C4,1,1uF,C_0805_2012Metric_Pad1.18x1.45mm_HandSolder,,,,smt,Unpolarized capacitor,
"C6, C7",2,20pF,C_0805_2012Metric_Pad1.18x1.45mm_HandSolder,,,,smt,Unpolarized capacitor,
"D1, D2, D3",3,LED,LED_0805_2012Metric_Pad1.15x1.40mm_HandSolder,,,,smt,Light emitting diode,1=K 2=A
"J1, J2",2,Conn_01x10_Pin,PinHeader_1x10_P2.54mm_Vertical,,,,tht,"Generic connector, single row, 01x10, script generated",
J3,1,Development,PinHeader_1x04_P2.54mm_Vertical,,,,tht,"Generic connector, single row, 01x04, script generated",
J4,1,USB_C_Receptacle_PowerOnly_6P,USB_C_Receptacle_HRO_TYPE-C-31-M-17,,,,smt,USB Power-Only 6P Type-C Receptacle connector,
"R1, R2, R4",3,1K,R_0805_2012Metric_Pad1.20x1.40mm_HandSolder,,,,smt,Resistor,
R3,1,10K,R_0805_2012Metric_Pad1.20x1.40mm_HandSolder,,,,smt,Resistor,
SW1,1,SW_Push,SW_Push_1P1T_NO_E-Switch_TL3301NxxxxxG,,,,smt,"Push button switch, generic, two pins",
U1,1,AMS1117-3.3,SOT-223-3_TabPin2,,,,smt,"1A Low Dropout regulator, positive, 3.3V fixed output, SOT-223",
U2,1,STM8S003F3P,TSSOP-20_4.4x6.5mm_P0.65mm,,,,smt,"16MHz, 8K Flash, 1K RAM, 128 EEPROM, USART, I²C, SPI, TSSOP-20",
Y1,1,Crystal 16Mhz,Crystal_SMD_HC49-SD_HandSoldering,,,,smt,Two pin crystal,
