﻿pos_x,pos_y,rotation,side,designator,mpn,pack,footprint,value,mount_type
133.8,-70.85,90.0,top,C1,,,CP_Elec_4x5.4,22uF,smt
143.8,-81.05,-90.0,top,C2,,,CP_Elec_4x5.4,22uF,smt
140.0,-91.25,180.0,top,C3,,,C_0805_2012Metric_Pad1.18x1.45mm_HandSolder,104,smt
145.2,-90.9,90.0,top,C4,,,C_0805_2012Metric_Pad1.18x1.45mm_HandSolder,1uF,smt
132.97,-97.75,-90.0,top,C5,,,C_0805_2012Metric_Pad1.18x1.45mm_HandSolder,104,smt
150.25,-111.32,0.0,top,C6,,,C_0805_2012Metric_Pad1.18x1.45mm_HandSolder,20pF,smt
150.3375,-86.6,0.0,top,C7,,,C_0805_2012Metric_Pad1.18x1.45mm_HandSolder,20pF,smt
150.8,-74.075,90.0,top,D1,,,LED_0805_2012Metric_Pad1.15x1.40mm_HandSolder,LED,smt
150.8,-83.075,90.0,top,D2,,,LED_0805_2012Metric_Pad1.15x1.40mm_HandSolder,LED,smt
133.75,-88.75,180.0,top,D3,,,LED_0805_2012Metric_Pad1.15x1.40mm_HandSolder,LED,smt
156.2625,-110.53,180.0,top,J1,,,PinHeader_1x10_P2.54mm_Vertical,Conn_01x10_Pin,tht
128.75,-110.53,180.0,top,J2,,,PinHeader_1x10_P2.54mm_Vertical,Conn_01x10_Pin,tht
136.5,-110.53,90.0,top,J3,,,PinHeader_1x04_P2.54mm_Vertical,Development,tht
143.3,-71.4,180.0,top,J4,,,USB_C_Receptacle_HRO_TYPE-C-31-M-17,USB_C_Receptacle_PowerOnly_6P,smt
150.8,-69.35,-90.0,top,R1,,,R_0805_2012Metric_Pad1.20x1.40mm_HandSolder,1K,smt
150.845,-79.05,-90.0,top,R2,,,R_0805_2012Metric_Pad1.20x1.40mm_HandSolder,1K,smt
133.0,-105.5,90.0,top,R3,,,R_0805_2012Metric_Pad1.20x1.40mm_HandSolder,10K,smt
133.0,-93.5,90.0,top,R4,,,R_0805_2012Metric_Pad1.20x1.40mm_HandSolder,1K,smt
140.25,-104.5,180.0,top,SW1,,,SW_Push_1P1T_NO_E-Switch_TL3301NxxxxxG,SW_Push,smt
135.0,-81.6,-90.0,top,U1,,,SOT-223-3_TabPin2,AMS1117-3.3,smt
140.0,-96.25,180.0,top,U2,,,TSSOP-20_4.4x6.5mm_P0.65mm,STM8S003F3P,smt
150.5,-98.3125,-90.0,top,Y1,,,Crystal_SMD_HC49-SD_HandSoldering,Crystal 16Mhz,smt
